Ticker,Vencimento,Dias úteis,F.M. ,Mod.,Strike,A/I/OTM,Dist. (%) do Strike,Último,Var. (%),Data/Hora,Núm. de Neg.,Vol. Financeiro,Vol. Impl. (%),Delta,Gamma,Theta ($),Theta (%),Vega,IQ,Coberto,Travado,Descob.,Tit.,Lanç.
PETRF242,20/06/2025,13,,E,23.51,ITM,"-2,392",804,-926,23/05/2025,3,"2.406,00",160,"10,000",0,-136,-17,0,30,10.4,5.3,14,3,10
PETRF330W4,27/06/2025,18,,A,33,OTM,"+6,80",33,"-1,750",28/05/2025,35,"85.494,00",209,"3,118","1,859",-216,-654,"32,253",50,43.5,50.5,46,4,8
PETRG335W1,04/07/2025,23,,A,33.5,OTM,"+8,41",34,"+13,33",28/05/2025,2,"6.799,00",210,"2,695","1,548",-183,-538,"33,510",50,20,0,500,1,2
PETRF420,20/06/2025,13,,E,37.51,OTM,"+21,39",1,"-5,000",30/05/2025,3,"21,000",219,234,320,-39,"-3,867","4,372",114,90.3,696.4,397.6,65,57
PETRF340W4,27/06/2025,18,,A,34,OTM,"+10,03",18,,27/05/2025,8,"16.196,00",220,"1,697","1,237",-148,-822,"23,515",100,0,73.1,2,2,2
PETRF467,20/06/2025,13,,E,46.01,OTM,"+48,90",5,,01/04/2025,1,"87,500",222,342,198,-34,-680,"13,138",100,0,17.5,0,1,1
PETRF315W1,06/06/2025,4,,A,31.5,ATM,"+1,94",23,"-3,429",30/05/2025,323,"227.519,00",222,"3,554","3,831",-425,"-1,849","16,279",20,92.4,313,457.6,34,168
PETRG347,18/07/2025,33,,E,34.05,OTM,"+10,19",29,-938,30/05/2025,44,"33.672,00",224,"2,057","1,112",-143,-493,"32,513",52,20,206.5,189.9,53,101
PETRF325W4,27/06/2025,18,,A,32.5,OTM,"+5,18",50,"+85,19",26/05/2025,4,"41,400",225,"3,597","1,764",-235,-470,"35,275",60,700,2.4,0,3,5
PETRG342,18/07/2025,33,,E,33.55,OTM,"+8,58",39,-930,30/05/2025,38,"36.278,00",226,"2,558","1,250",-166,-426,"36,675",64,36.3,714.4,171,54,85
PETRG368,18/07/2025,33,,A,33.3,OTM,"+7,77",43,"-1,400",30/05/2025,69,"60.768,00",227,"2,852","1,315",-178,-414,"38,707",83,20.5,455,85.4,54,65
PETRG332,18/07/2025,33,,E,32.55,OTM,"+5,34",67,"-1,067",30/05/2025,172,"275.487,00",227,"3,863","1,477",-212,-316,"43,625",75,94.3,528.3,212.3,81,108
PETRF315W2,13/06/2025,9,,A,31.5,ATM,"+1,94",45,"-1,667",30/05/2025,22,"31.061,00",227,"4,341","2,799",-353,-784,"24,339",48,20,115.7,100.5,14,29
PETRG373,18/07/2025,33,,A,33.8,OTM,"+9,39",33,"-1,316",30/05/2025,46,"108.852,00",227,"2,285","1,167",-155,-469,"34,480",119,32.2,589.4,71.9,50,42
PETRG337,18/07/2025,33,,E,33.05,OTM,"+6,96",51,"-1,053",30/05/2025,151,"197.432,00",227,"3,174","1,375",-190,-373,"40,618",58,135.7,192.5,4.203.200,86,148
PETRG363,18/07/2025,33,,A,32.8,OTM,"+6,15",58,"-1,212",30/05/2025,54,"124.366,00",228,"3,505","1,429",-202,-348,"42,240",93,50.1,91.3,346.1,66,71
PETRG352,18/07/2025,33,,E,34.55,OTM,"+11,81",20,"-1,667",30/05/2025,24,"15.990,00",228,"1,592",931,-121,-603,"27,654",67,43,421.6,1.033.700,56,84
PETRG378,18/07/2025,33,,A,34.3,OTM,"+11,00",24,"-1,429",30/05/2025,30,"548.748,00",229,"1,802","1,008",-132,-549,"29,929",49,3.8,240.6,2.057.500,30,61
PETRG358,18/07/2025,33,,A,32.3,OTM,"+4,53",77,"-1,348",30/05/2025,134,"466.803,00",229,"4,230","1,498",-223,-289,"44,636",121,122.2,612.5,3.393.700,98,81
PETRG383,18/07/2025,33,,A,34.8,OTM,"+12,62",19,-952,30/05/2025,25,"7.863,00",229,"1,402",852,-110,-579,"25,397",63,25.6,224,97.8,34,54
PETRF320W2,13/06/2025,9,,A,32,OTM,"+3,56",26,"-2,353",30/05/2025,25,"13.700,00",230,"3,009","2,452",-300,"-1,155","21,520",33,3.1,28.2,50.1,13,40
PETRF320W1,06/06/2025,4,,A,32,OTM,"+3,56",10,"-4,444",30/05/2025,132,"160.094,00",232,"1,983","2,753",-317,"-3,172","12,172",42,9.1,70.1,432.2,56,132
PETRG362,18/07/2025,33,,E,35.55,OTM,"+15,05",12,-769,30/05/2025,18,"10.999,00",232,990,656,-85,-711,"19,905",111,28.4,122.2,1.237.000,41,37
PETRF325W1,06/06/2025,4,,A,32.5,OTM,"+5,18",5,"-3,750",30/05/2025,699,"57.894,00",233,955,"1,670",-190,"-3,790","7,417",50,54.9,100,2.037.700,50,100
PETRG327,18/07/2025,33,,E,32.05,OTM,"+3,72",88,"-1,020",30/05/2025,48,"77.326,00",233,"4,605","1,498",-233,-265,"45,262",69,87.3,131.2,205.9,117,170
PETRF325W2,13/06/2025,9,,A,32.5,OTM,"+5,18",15,"-2,105",30/05/2025,18,"7.598,00",233,"1,979","1,934",-235,"-1,567","17,194",61,2.7,37.3,33.2,22,36
PETRG393,18/07/2025,33,,A,35.8,OTM,"+15,86",10,"-1,667",30/05/2025,20,"21.148,00",233,849,584,-76,-757,"17,749",169,68.7,327.5,408.1,49,29
PETRG357,18/07/2025,33,,E,35.05,OTM,"+13,43",16,"-1,111",30/05/2025,22,"13.033,00",233,"1,256",777,-103,-641,"23,542",70,46.8,471.6,123.5,49,70
PETRG353,18/07/2025,33,,A,31.8,OTM,"+2,91",99,"-1,000",30/05/2025,37,"110.674,00",234,"4,957","1,497",-241,-243,"45,468",75,24,149.7,87,53,71
PETRG388,18/07/2025,33,,A,35.3,OTM,"+14,24",14,"-1,250",30/05/2025,25,"26.279,00",235,"1,117",708,-94,-675,"21,663",137,44.6,559,551,52,38
PETRF335W4,27/06/2025,18,,A,33.5,OTM,"+8,41",18,"-1,429",30/05/2025,2,"84,600",236,"1,716","1,263",-165,-917,"21,736",75,100,0,8.9,3,4
PETRG322,18/07/2025,33,,E,31.55,OTM,"+2,10",113,-813,30/05/2025,133,"299.112,00",238,"5,324","1,468",-248,-220,"45,321",119,38.1,1.023.300,1.920.300,161,135
PETRF326,20/06/2025,13,,E,32.01,OTM,"+3,59",39,"-1,702",30/05/2025,1.22,"1.469.865,00",238,"3,517","2,134",-292,-749,"27,139",92,574.4,9.664.400,10.197.600,602,657
PETRF351,20/06/2025,13,,A,31.76,OTM,"+2,78",46,"-1,636",30/05/2025,676,"878.129,00",238,"4,051","2,224",-312,-678,"28,349",88,327.8,1.863.900,5.913.700,254,288
PETRG348,18/07/2025,33,,A,31.3,ATM,"+1,29",127,-797,30/05/2025,39,"136.628,00",238,"5,698","1,446",-253,-199,"44,788",92,21.7,101.6,172.4,55,60
PETRF310W1,06/06/2025,4,,A,31,ATM,"+0,32",48,"-2,727",30/05/2025,404,"202.314,00",239,"5,526","3,777",-512,"-1,066","17,285",13,34.1,165.4,918.1,18,140
PETRG367,18/07/2025,33,,E,36.05,OTM,"+16,67",9,"-1,000",30/05/2025,27,"10.768,00",240,759,523,-71,-785,"16,283",85,77.4,2.9,1.392.500,40,47
PETRF356,20/06/2025,13,,A,32.26,OTM,"+4,40",33,"-1,538",30/05/2025,803,"715.956,00",240,"3,037","1,991",-272,-826,"25,569",104,234.8,7.577.300,4.780.200,407,390
PETRG398,18/07/2025,33,,A,36.3,OTM,"+17,48",8,"-1,111",30/05/2025,12,"2.593,00",240,686,482,-65,-816,"15,089",86,2.6,268.2,468.2,30,35
PETRF330W2,13/06/2025,9,,A,33,OTM,"+6,80",9,"-1,818",30/05/2025,13,"2.011,00",241,"1,302","1,424",-181,"-2,007","13,100",45,300,28,72.3,10,22
PETRF321,20/06/2025,13,,E,31.51,ATM,"+1,97",59,"-1,449",30/05/2025,3.802,"3.596.685,00",241,"4,612","2,252",-330,-560,"29,040",62,860.6,976.5,6.281.800,242,390
PETRF331,20/06/2025,13,,E,32.51,OTM,"+5,21",26,"-1,613",30/05/2025,613,"512.049,00",241,"2,606","1,841",-250,-963,"23,757",73,661.1,2.990.000,15.004.800,340,465
PETRF310W2,13/06/2025,9,,A,31,ATM,"+0,32",71,"-1,647",30/05/2025,552,"110.398,00",242,"5,658","2,635",-392,-553,"24,323",52,0,11.6,61.4,12,23
PETRG317,18/07/2025,33,,E,31.05,ATM,"+0,49",141,"-1,019",30/05/2025,89,"167.841,00",243,"6,027","1,393",-258,-183,"43,955",64,35.3,162,310.4,51,80
PETRG403,18/07/2025,33,,A,36.8,OTM,"+19,09",7,0,30/05/2025,3,"42,000",244,565,407,-57,-808,"13,011",117,3,49.4,176.9,27,23
PETRF346,20/06/2025,13,,A,31.26,ATM,"+1,16",72,"-1,724",30/05/2025,1.422,"1.289.458,00",244,"5,171","2,231",-344,-478,"29,151",68,242.5,1.246.100,2.406.700,154,225
PETRF361,20/06/2025,13,,A,32.76,OTM,"+6,02",22,"-1,200",30/05/2025,393,"1.331.635,00",244,"2,204","1,658",-228,"-1,036","21,678",93,294.5,2.121.700,1.315.400,281,302
PETRF310W4,27/06/2025,18,,A,31,ATM,"+0,32",105,"-2,446",30/05/2025,4,"2.741,00",245,"5,920","1,860",-315,-300,"33,126",250,0,2.7,0,5,2
PETRG343,18/07/2025,33,,A,30.8,ATM,-32,158,-814,30/05/2025,27,"77.535,00",245,"6,376","1,341",-261,-165,"42,752",121,21.4,56.1,120.5,29,24
PETRF337,20/06/2025,13,,E,33.01,OTM,"+6,83",18,"-1,000",30/05/2025,311,"332.218,00",248,"1,865","1,482",-206,"-1,146","19,624",80,903.7,1.358.400,9.247.300,527,662
PETRF316,20/06/2025,13,,E,31.01,ATM,"+0,36",85,"-1,500",30/05/2025,793,"1.313.962,00",248,"5,738","2,163",-353,-415,"28,686",53,298.3,2.857.100,2.130.500,213,400
PETRG372,18/07/2025,33,,E,36.55,OTM,"+18,28",8,0,30/05/2025,17,"8.652,00",248,631,438,-63,-783,"14,133",67,24,638.3,16.4,18,27
PETRF330W1,06/06/2025,4,,A,33,OTM,"+6,80",2,"-5,000",30/05/2025,331,"7.910,00",249,547,"1,017",-131,"-6,527","4,853",58,6.8,6.6,1.706.800,38,66
PETRF320W4,27/06/2025,18,,A,32,OTM,"+3,56",61,"-1,757",30/05/2025,4,"26,200",249,"4,128","1,831",-289,-474,"33,250",100,1.3,100,0,4,4
PETRF335W2,13/06/2025,9,,A,33.5,OTM,"+8,41",9,"-1,818",29/05/2025,2,"8,500",250,861,"1,017",-137,"-1,520","9,730",78,1.4,0,58.6,7,9
PETRG312,18/07/2025,33,,E,30.55,ATM,-113,177,-684,30/05/2025,233,"62.287,00",250,"6,673","1,275",-263,-149,"41,413",71,16.3,74.4,97.6,30,42
PETRG408,18/07/2025,33,,A,37.3,OTM,"+20,71",5,"-1,667",30/05/2025,1,"10,000",251,440,325,-47,-941,"10,645",185,3.4,115.8,152.3,24,13
PETRF341,20/06/2025,13,,A,30.76,ATM,-45,100,"-1,453",30/05/2025,388,"763.458,00",252,"6,256","2,056",-357,-357,"27,728",97,56.4,915.7,520.9,149,153
PETRF366,20/06/2025,13,,A,33.26,OTM,"+7,64",15,"-1,176",30/05/2025,443,"499.668,00",252,"1,588","1,312",-188,"-1,250","17,709",188,313,4.696.800,2.767.000,677,361
PETRG338,18/07/2025,33,,A,30.3,ATM,-194,195,-714,30/05/2025,14,"92.589,00",254,"6,968","1,207",-264,-135,"39,820",181,2.7,106.1,42.2,38,21
PETRF342,20/06/2025,13,,E,33.51,OTM,"+8,45",11,"-1,538",30/05/2025,112,"59.197,00",254,"1,320","1,150",-165,"-1,501","15,632",80,1.511.800,4.794.600,5.689.800,387,484
PETRG377,18/07/2025,33,,E,37.05,OTM,"+19,90",6,"-1,429",30/05/2025,12,"5.562,00",255,510,361,-54,-895,"11,950",186,300,487,8.9,26,14
PETRF305W2,13/06/2025,9,,A,30.5,ATM,-129,106,"-1,017",30/05/2025,8,"54.783,00",256,"6,839","2,251",-399,-377,"21,990",25,0,46.1,37.3,3,12
PETRG381,18/07/2025,33,,E,37.55,OTM,"+21,52",4,"-2,000",30/05/2025,9,"1.456,00",257,394,290,-44,"-1,090","9,708",148,63.4,343.5,120.3,34,23
PETRG307,18/07/2025,33,,E,30.05,ITM,-275,210,-749,30/05/2025,17,"48.534,00",258,"7,247","1,137",-263,-125,"38,050",78,51.6,102.4,139.5,31,40
PETRF371,20/06/2025,13,,A,33.76,OTM,"+9,26",11,"+10,00",30/05/2025,241,"199.589,00",258,"1,121","1,009",-148,"-1,348","13,943",88,207,3.483.600,1.035.000,215,243
PETRG333,18/07/2025,33,,A,29.8,ITM,-356,231,-533,30/05/2025,30,"52.717,00",259,"7,537","1,069",-260,-113,"35,948",140,700,75.8,20,21,15
PETRG413,18/07/2025,33,,A,37.8,OTM,"+22,33",5,"-1,667",29/05/2025,3,"95,000",259,389,284,-44,-874,"9,654",164,100,172.3,262.7,18,11
PETRF311,20/06/2025,13,,E,30.51,ATM,-126,118,"-1,128",30/05/2025,676,"2.907.669,00",262,"6,692","1,894",-362,-307,"26,513",72,250.5,377.9,2.420.100,129,179
PETRF340W2,13/06/2025,9,,A,34,OTM,"+10,03",5,"-1,667",29/05/2025,4,"1.005,00",263,583,715,-105,"-2,106","7,214",63,3.1,20,5.2,5,8
PETRG387,18/07/2025,33,,E,38.05,OTM,"+23,14",4,"-2,000",30/05/2025,4,"3,200",266,346,252,-40,"-1,004","8,731",169,300,61.8,19.2,22,13
PETRG34,18/07/2025,33,,E,29.55,ITM,-437,254,-487,30/05/2025,3,"18.035,00",267,"7,737",990,-260,-103,"34,294",65,12.8,267.3,60.7,17,26
PETRF347,20/06/2025,13,,E,34.01,OTM,"+10,06",10,0,30/05/2025,137,"181.384,00",268,995,891,-140,"-1,400","12,789",59,730,807.2,2.591.200,261,440
PETRF336,20/06/2025,13,,A,30.26,ITM,-207,139,"-1,366",30/05/2025,69,"233.134,00",269,"7,112","1,735",-361,-260,"24,987",72,63,2.020.800,232.3,77,107
PETRG242,18/07/2025,33,,E,23.55,ITM,"-2,379",801,-196,30/05/2025,1,"80,100",270,"9,988",13,-137,-17,455,40,100,6.7,12.2,2,5
PETRF305W1,06/06/2025,4,,A,30.5,ATM,-129,84,"-1,923",30/05/2025,70,"52.439,00",270,"7,083","2,905",-529,-630,"15,003",24,7.2,85.4,451.1,17,72
PETRG40,18/07/2025,33,,A,29.3,ITM,-518,276,-383,30/05/2025,2,"83,000",271,"7,955",918,-258,-93,"32,340",153,300,48.1,2.1,23,15
PETRF335W1,06/06/2025,4,,A,33.5,OTM,"+8,41",2,"-3,333",30/05/2025,10,"1.112,00",272,325,610,-92,"-4,618","3,183",125,191.5,119.9,33.9,25,20
PETRG297,18/07/2025,33,,E,29.05,ITM,-599,291,-643,30/05/2025,6,"41.134,00",274,"8,166",849,-253,-87,"30,255",44,2.4,20.6,52,8,18
PETRG240,18/07/2025,33,,A,23.3,ITM,"-2,460",828,-96,30/05/2025,2,"83.628,00",275,"9,990",11,-135,-16,388,100,0,22.7,1.7,2,2
PETRG418,18/07/2025,33,,A,38.3,OTM,"+23,95",5,"-1,667",27/05/2025,3,"10,600",275,336,238,-40,-807,"8,528",150,52.3,0,6.8,9,6
PETRG392,18/07/2025,33,,E,38.55,OTM,"+24,76",4,0,30/05/2025,16,"13.989,00",275,298,215,-36,-912,"7,725",133,0,501.6,1.1,8,6
PETRF306,20/06/2025,13,,E,30.01,ITM,-288,150,"-1,429",30/05/2025,204,"554.626,00",276,"7,508","1,570",-356,-237,"23,209",42,74.8,480.4,678.9,85,200
PETRF376,20/06/2025,13,,A,34.26,OTM,"+10,87",8,0,30/05/2025,162,"35.734,00",277,878,787,-131,"-1,636","11,667",62,220.1,3.204.000,2.679.000,151,242
PETRG295,18/07/2025,33,,A,28.8,ITM,-680,312,"-1,060",30/05/2025,6,"63.906,00",279,"8,347",781,-250,-80,"28,325",117,19.2,2.4,13.7,7,6
PETRG237,18/07/2025,33,,E,23.05,ITM,"-2,540",847,-651,30/05/2025,2,"31.447,00",280,"9,992",9,-133,-16,330,60,2,25.3,7.8,3,5
PETRF300W2,13/06/2025,9,,A,30,ITM,-291,146,-875,30/05/2025,38,"8.414,00",281,"7,691","1,753",-395,-271,"18,812",100,6,5,7.6,7,7
PETRF352,20/06/2025,13,,E,34.51,OTM,"+11,68",7,0,30/05/2025,57,"33.415,00",281,775,704,-120,"-1,720","10,627",85,288.6,2.127.600,919.8,211,247
PETRG292,18/07/2025,33,,E,28.55,ITM,-761,332,-460,30/05/2025,13,"100.350,00",283,"8,523",717,-245,-74,"26,308",20,200,26,33.8,2,10
PETRG43,18/07/2025,33,,E,39.05,OTM,"+26,38",3,0,30/05/2025,3,"7,800",283,254,183,-33,"-1,089","6,768",213,0,224,48.8,17,8
PETRF350W2,13/06/2025,9,,A,35,OTM,"+13,27",2,,30/05/2025,3,"62,000",285,232,312,-52,"-2,623","3,395",300,0,0,21,3,1
PETRG401,18/07/2025,33,,E,39.55,OTM,"+27,99",3,0,30/05/2025,1,"15,000",285,214,157,-28,-946,"5,881",260,30,341.4,500,13,5
PETRF345W2,13/06/2025,9,,A,34.5,OTM,"+11,65",3,"-2,500",30/05/2025,3,"40,200",285,425,513,-87,"-2,914","5,599",200,1.4,0,152,8,4
PETRF381,20/06/2025,13,,A,34.76,OTM,"+12,49",5,0,30/05/2025,141,"36.316,00",286,670,619,-109,"-2,181","9,511",67,31,2.454.900,1.125.500,132,198
PETRF303,20/06/2025,13,,A,29.76,ITM,-369,180,-909,30/05/2025,91,"378.738,00",286,"7,806","1,412",-352,-196,"21,619",57,53.6,223.4,411.7,37,65
PETRG290,18/07/2025,33,,A,28.3,ITM,-841,394,"+5,07",27/05/2025,1,"39,400",287,"8,679",655,-240,-61,"24,385",150,0,5.9,0,3,2
PETRG433,18/07/2025,33,,A,38.8,OTM,"+25,57",4,"+33,33",30/05/2025,5,"1.549,00",287,323,221,-41,"-1,014","8,278",238,14.7,392.3,183,19,8
PETRG438,18/07/2025,33,,A,39.3,OTM,"+27,18",3,"-2,500",30/05/2025,3,"2,100",290,248,176,-33,"-1,088","6,635",250,1,76.6,1.300.100,25,10
PETRG286,18/07/2025,33,,E,28.05,ITM,-922,378,-758,30/05/2025,6,"41.784,00",291,"8,815",597,-235,-62,"22,593",40,300,32,51.3,4,10
PETRG432,18/07/2025,33,,A,39.8,OTM,"+28,80",3,0,28/05/2025,2,"10,800",292,209,151,-28,-948,"5,769",400,2,261.8,578.1,24,6
PETRG284,18/07/2025,33,,A,27.8,ITM,"-1,003",420,-583,29/05/2025,1,"84,000",293,"8,967",538,-228,-54,"20,491",67,800,2.8,0,2,3
PETRF362,20/06/2025,13,,E,35.51,OTM,"+14,92",3,"-2,500",30/05/2025,40,"4.449,00",293,360,369,-67,"-2,232","5,787",119,67.8,1.132.900,940.3,140,118
PETRG280,18/07/2025,33,,E,22.55,ITM,"-2,702",899,-928,30/05/2025,3,"169.207,00",295,"9,993",7,-130,-15,286,60,2.2,9.6,9.4,3,5
PETRF386,20/06/2025,13,,A,35.26,OTM,"+14,11",5,"-1,667",30/05/2025,119,"32.309,00",295,461,448,-83,"-1,655","7,074",93,30.6,2.384.300,2.364.100,118,127
PETRF295W2,13/06/2025,9,,A,29.5,ITM,-453,189,-780,30/05/2025,4,"5.919,00",297,"8,370","1,340",-367,-194,"15,225",100,0,2.8,36.1,4,4
PETRF34,20/06/2025,13,,E,29.51,ITM,-450,200,-950,30/05/2025,98,"59.733,00",297,"8,075","1,258",-347,-174,"20,009",58,11.2,186.6,308.3,32,55
PETRG281,18/07/2025,33,,E,27.55,ITM,"-1,084",439,-738,29/05/2025,1,"10.097,00",300,"9,060",491,-224,-51,"19,117",57,500,0,47.3,4,7
PETRG434,18/07/2025,33,,E,40.05,OTM,"+29,61",3,0,30/05/2025,4,"24,600",300,206,144,-29,-955,"5,676",183,0,23.8,16.2,11,6
PETRF300W1,06/06/2025,4,,A,30,ITM,-291,125,"-1,554",30/05/2025,28,"71.492,00",300,"8,128","2,048",-493,-395,"11,752",33,1,124.5,47.3,13,39
PETRF357,20/06/2025,13,,E,35.01,OTM,"+13,30",5,"-1,667",30/05/2025,59,"17.692,00",301,598,540,-104,"-2,076","8,685",60,667.7,969.6,2.249.300,194,322
PETRG318,18/07/2025,33,,A,27.3,ITM,"-1,165",446,-990,30/05/2025,2,"27.469,00",301,"9,190",438,-217,-49,"17,116",167,0,0,12.3,5,3
PETRF280W4,27/06/2025,18,,A,28,ITM,-939,452,,16/05/2025,1,"45,200",302,"9,338",393,-221,-49,"13,935",100,0,100,0,1,1
PETRF340W1,06/06/2025,4,,A,34,OTM,"+10,03",1,"-5,000",30/05/2025,6,"18,000",303,207,376,-70,"-6,958","2,178",223,4.1,141.1,89.1,29,13
PETRF298,20/06/2025,13,,A,29.26,ITM,-531,220,-909,30/05/2025,10,"4.491,00",303,"8,346","1,121",-336,-153,"18,185",57,9.4,142,175.1,23,40
PETRG412,18/07/2025,33,,E,40.55,OTM,"+31,23",3,0,23/05/2025,1,"1,800",303,166,119,-24,-802,"4,735",150,0,8.5,300,3,2
PETRG437,18/07/2025,33,,A,40.3,OTM,"+30,42",3,"+50,00",29/05/2025,3,"2,700",307,201,139,-29,-955,"5,571",383,300,1.1,183.2,23,6
PETRG276,18/07/2025,33,,E,27.05,ITM,"-1,246",509,"+4,52",28/05/2025,58,"879.923,00",308,"9,258",400,-214,-42,"16,001",100,194.1,400,10.5,6,6
PETRG416,18/07/2025,33,,E,41.05,OTM,"+32,85",1,"-5,000",29/05/2025,1,100,308,127,93,-19,"-1,920","3,744",600,0,0,224.3,6,1
PETRG274,18/07/2025,33,,A,26.8,ITM,"-1,327",486,-489,30/05/2025,13,"37.916,00",309,"9,364",354,-206,-42,"14,216",31,3.7,200,160.7,5,16
PETRF360W1,06/06/2025,4,,A,36,OTM,"+16,50",1,0,28/05/2025,1,"15,000",309,150,197,-39,"-3,914","2,357",700,0,0,13.8,7,1
PETRF360W4,27/06/2025,18,,A,36,OTM,"+16,50",36,,14/05/2025,1,"10,800",309,"1,962",796,-190,-528,"31,087",100,0,0,300,1,1
PETRG419,18/07/2025,33,,A,41.3,OTM,"+33,66",2,"-5,000",29/05/2025,3,"68,000",311,125,91,-19,-956,"3,700",150,0,0,35,3,2
PETRF296,20/06/2025,13,,E,29.01,ITM,-612,243,-545,30/05/2025,71,"34.482,00",312,"8,565",993,-326,-134,"16,554",39,15.7,637.9,389.5,29,74
PETRF345W1,06/06/2025,4,,A,34.5,OTM,"+11,65",1,0,30/05/2025,8,"36,900",312,267,410,-82,"-8,218","2,978",244,6.4,100,219.6,22,9
PETRG41,18/07/2025,33,,A,40.8,OTM,"+32,04",2,0,30/05/2025,1,"2,200",313,163,114,-24,"-1,208","4,629",275,0,6.8,85.9,11,4
PETRF293,20/06/2025,13,,A,28.76,ITM,-693,264,-801,30/05/2025,5,"35.159,00",315,"8,801",868,-309,-117,"14,625",66,18.7,88.6,121.8,19,29
PETRG421,18/07/2025,33,,E,41.55,OTM,"+34,47",3,,22/05/2025,2,"1.803,00",317,124,88,-19,-642,"3,670",200,0,60.1,0,2,1
PETRF290W2,13/06/2025,9,,A,29,ITM,-615,235,-637,30/05/2025,1,"23,500",318,"8,831",998,-340,-145,"12,139",200,0,1.7,0,2,1
PETRG271,18/07/2025,33,,E,26.55,ITM,"-1,408",562,-935,27/05/2025,5,"63.441,00",319,"9,407",325,-204,-36,"13,447",33,4.7,29.3,1,2,6
PETRF394,20/06/2025,13,,E,36.01,OTM,"+16,54",3,"-2,500",30/05/2025,36,"9.320,00",319,336,320,-68,"-2,274","5,461",121,83.8,1.979.100,413.1,127,105
PETRF257,20/06/2025,13,,E,25.01,ITM,"-1,906",683,-579,28/05/2025,1,"4.781,00",320,"9,987",18,-149,-22,315,44,4.9,53.9,49.9,4,9
PETRG220,18/07/2025,33,,A,21.3,ITM,"-3,107","1,020",-503,30/05/2025,1,"103.020,00",320,"10,000",0,-122,-12,0,200,0,14,0,2,1
PETRG26,18/07/2025,33,,E,26.05,ITM,"-1,570",562,-680,30/05/2025,4,"24.160,00",320,"9,571",250,-190,-34,"10,392",200,0,10.1,4,6,3
PETRF391,20/06/2025,13,,A,35.76,OTM,"+15,73",4,0,30/05/2025,90,"12.688,00",323,427,385,-84,"-2,100","6,640",209,11.4,1.528.800,7.559.700,144,69
PETRG42,18/07/2025,33,,A,41.8,OTM,"+35,28",17,,11/04/2025,2,"3,400",323,121,85,-19,-113,"3,611",100,0,0,100,1,1
PETRG270,18/07/2025,33,,A,26.3,ITM,"-1,489",565,"+0,36",23/05/2025,2,"29.016,00",324,"9,469",293,-200,-35,"12,334",100,0,5.2,2,2,2
PETRG582,18/07/2025,33,,E,57.55,OTM,"+86,25",4,0,26/03/2025,1,400,324,174,64,-22,-550,"8,961",450,0,165.3,0,9,2
PETRF380W1,06/06/2025,4,,A,38,OTM,"+22,98",3,,22/05/2025,1,300,324,179,186,-43,"-1,450","3,223",100,0,0,100,1,1
PETRF291,20/06/2025,13,,E,28.51,ITM,-773,291,-521,30/05/2025,8,"96.985,00",325,"8,956",763,-299,-103,"13,248",51,44.9,98.8,316.7,20,39
PETRG25,18/07/2025,33,,E,25.05,ITM,"-1,893",655,-643,30/05/2025,2,"1.310,00",326,"9,781",140,-168,-26,"5,950",29,1.9,300,3.2,2,7
PETRG426,18/07/2025,33,,E,42.05,OTM,"+36,08",2,"-3,333",29/05/2025,5,"5.004,00",326,120,84,-19,-967,"3,593",100,0,219,146.3,3,3
PETRF2,20/06/2025,13,,E,41.51,OTM,"+34,34",1,0,23/05/2025,2,"1,500",326,133,103,-25,"-2,516","3,483",267,0,266,94.4,16,6
PETRG260,18/07/2025,33,,A,25.3,ITM,"-1,812",655,-507,29/05/2025,2,"7.850,00",329,"9,724",169,-175,-27,"7,246",100,1.2,33.1,3.5,3,3
PETRF418,20/06/2025,13,,E,36.51,OTM,"+18,16",2,"-3,333",30/05/2025,1.065,"29.636,00",330,277,263,-60,"-2,998","4,667",102,180,4.823.000,842.3,103,101
PETRF377,20/06/2025,13,,E,37.01,OTM,"+19,77",2,"-3,333",30/05/2025,19,"3.086,00",331,175,178,-40,"-2,022","3,157",118,90,1.242.000,331.9,77,65
PETRF295W1,06/06/2025,4,,A,29.5,ITM,-453,175,-933,30/05/2025,1,"17,500",332,"8,785","1,391",-442,-253,"8,819",47,0,30.1,97.9,9,19
PETRF396,20/06/2025,13,,A,36.26,OTM,"+17,35",3,0,30/05/2025,110,"64.447,00",332,323,298,-68,"-2,283","5,297",207,62.5,674.8,1.945.900,126,61
PETRF288,20/06/2025,13,,A,28.26,ITM,-854,311,-744,30/05/2025,12,"148.018,00",332,"9,102",667,-288,-93,"11,858",39,1,84,85.3,7,18
PETRG341,18/07/2025,33,,A,25.8,ITM,"-1,650",584,-299,30/05/2025,1,"60.736,00",333,"9,586",234,-190,-32,"10,102",80,1,15.3,100,4,5
PETRF423,20/06/2025,13,,A,41.76,OTM,"+35,15",1,"-5,000",21/05/2025,1,"16,600",333,131,99,-25,"-2,525","3,429",250,1.155.900,226.3,878.1,15,6
PETRG429,18/07/2025,33,,A,42.3,OTM,"+36,89",2,0,27/05/2025,2,800,334,118,80,-19,-966,"3,511",300,0,0,6.2,3,1
PETRF365W2,13/06/2025,9,,A,36.5,OTM,"+18,12",2,,26/05/2025,1,"1.700,00",336,192,214,-50,"-2,509","3,064",100,0,85,0,1,1
PETRF285W2,13/06/2025,9,,A,28.5,ITM,-777,281,-539,30/05/2025,2,"3.111,00",336,"9,188",724,-307,-109,"9,293",100,0,1.3,0,2,2
PETRF360W2,13/06/2025,9,,A,36,OTM,"+16,50",3,,27/05/2025,2,"4,200",338,199,231,-54,"-1,799","2,989",100,0,1.4,0,1,1
PETRG441,18/07/2025,33,,E,43.55,OTM,"+40,94",2,,20/05/2025,3,"6,000",338,113,73,-19,-930,"3,533",100,0,3,0,1,1
PETRF375W1,06/06/2025,4,,A,37.5,OTM,"+21,36",2,,21/05/2025,1,"1,000",339,179,187,-47,"-2,326","3,060",100,0,500,0,1,1
PETRG262,18/07/2025,33,,E,25.55,ITM,"-1,731",661,"+22,63",27/05/2025,1,"16.525,00",340,"9,622",212,-186,-28,"9,390",100,0,2.5,0,1,1
PETRG431,18/07/2025,33,,E,42.55,OTM,"+37,70",2,0,27/05/2025,1,"8,400",341,117,78,-19,-975,"3,485",167,0,0,30.3,5,3
PETRF417,20/06/2025,13,,E,41.01,OTM,"+32,72",1,0,27/05/2025,3,"9,000",343,135,106,-28,"-2,804","3,287",138,0,384.8,858.5,18,13
PETRG444,18/07/2025,33,,A,43.8,OTM,"+41,75",2,,20/05/2025,3,"63,800",344,111,71,-19,-928,"3,476",100,0,0,31.9,1,1
PETRF283,20/06/2025,13,,A,27.76,ITM,"-1,016",398,-149,28/05/2025,5,"28.570,00",345,"9,353",501,-263,-66,"9,248",47,1.1,87.3,12.2,9,19
PETRG255,18/07/2025,33,,A,24.8,ITM,"-1,974",696,-569,29/05/2025,6,"20.290,00",346,"9,765",141,-170,-24,"6,334",80,1,27,2.1,4,5
PETRG435,18/07/2025,33,,A,42.8,OTM,"+38,51",2,0,27/05/2025,4,"11,200",346,114,76,-19,-973,"3,429",100,0,2.1,16.8,3,3
PETRF401,20/06/2025,13,,A,36.76,OTM,"+18,96",2,"-3,333",30/05/2025,253,"13.921,00",347,266,243,-60,"-3,020","4,502",157,22.7,3.768.600,3.068.200,108,69
PETRG252,18/07/2025,33,,E,24.55,ITM,"-2,055",700,-251,30/05/2025,1,"35.000,00",349,"9,796",124,-166,-24,"5,624",100,0,4,11,3,3
PETRG235,18/07/2025,33,,A,22.8,ITM,"-2,621",891,-409,29/05/2025,1,"89,100",350,"9,956",33,-138,-15,"1,484",50,300,10.2,21.9,3,6
PETRG245,18/07/2025,33,,A,23.8,ITM,"-2,298",773,-664,30/05/2025,2,"117.733,00",350,"9,888",74,-152,-20,"3,361",75,10.7,34.6,2.6,3,4
PETRF286,20/06/2025,13,,E,28.01,ITM,-935,330,-756,30/05/2025,31,"110.299,00",350,"9,163",600,-288,-87,"11,250",41,8.5,263,199.7,16,39
PETRG250,18/07/2025,33,,A,24.3,ITM,"-2,136",781,"+3,17",27/05/2025,1,"19.525,00",352,"9,827",107,-161,-21,"4,889",67,0,7.7,10.8,2,3
PETRG247,18/07/2025,33,,E,24.05,ITM,"-2,217",759,"-1,395",23/05/2025,1,"77.418,00",352,"9,857",90,-157,-21,"4,132",200,0,20.3,0,2,1
PETRG436,18/07/2025,33,,E,43.05,OTM,"+39,32",2,0,27/05/2025,3,"9,200",352,112,73,-19,-972,"3,377",100,0,14.8,3.2,3,3
PETRF419,20/06/2025,13,,A,41.26,OTM,"+33,53",1,0,28/05/2025,1,"10,000",353,132,101,-28,"-2,825","3,227",130,0,584.6,850.4,13,10
PETRF41,20/06/2025,13,,A,40.76,OTM,"+31,91",1,0,22/05/2025,16,"2.000,00",353,135,106,-29,"-2,929","3,193",131,9.6,540.7,956.7,21,16
PETRF406,20/06/2025,13,,A,37.26,OTM,"+20,58",2,0,30/05/2025,29,"10.341,00",354,213,197,-51,"-2,557","3,743",223,2.8,566.6,1.441.900,69,31
PETRG449,18/07/2025,33,,A,44.3,OTM,"+43,37",2,,22/05/2025,1,200,354,108,67,-19,-932,"3,400",100,0,0,100,1,1
PETRF428,20/06/2025,13,,A,42.26,OTM,"+36,76",1,0,27/05/2025,2,"6,000",357,123,87,-25,"-2,473","3,281",100,0,75.1,50.6,7,7
PETRF433,20/06/2025,13,,A,42.76,OTM,"+38,38",1,0,15/05/2025,1,"4,000",358,119,82,-23,"-2,323","3,298",450,0,41.3,0,9,2
PETRG439,18/07/2025,33,,A,43.3,OTM,"+40,13",2,0,21/05/2025,5,"38,000",358,112,72,-20,-983,"3,362",200,0,0,26.9,4,2
PETRG451,18/07/2025,33,,E,44.55,OTM,"+44,17",1,"-5,000",27/05/2025,1,"1,000",358,107,66,-19,"-1,865","3,370",100,0,1,100,2,2
PETRG454,18/07/2025,33,,A,44.8,OTM,"+44,98",1,"-6,667",28/05/2025,2,"2,000",358,106,65,-19,"-1,873","3,384",200,0,0,2.5,4,2
PETRF290W1,06/06/2025,4,,A,29,ITM,-615,223,-591,30/05/2025,2,"3.980,00",359,"9,232",918,-381,-171,"6,299",46,400,60.1,31,6,13
PETRF350W1,06/06/2025,4,,A,35,OTM,"+13,27",1,0,29/05/2025,5,"11,800",360,236,322,-85,"-8,475","2,684",163,1.2,2.1,75.5,13,8
PETRF411,20/06/2025,13,,A,37.76,OTM,"+22,20",1,"-5,000",30/05/2025,22,"2.853,00",361,163,154,-41,"-4,141","2,986",229,14.6,435.7,802.2,55,24
PETRF280W2,13/06/2025,9,,A,28,ITM,-939,329,-519,30/05/2025,1,"32,900",363,"9,382",544,-288,-88,"7,533",100,0,1.3,0,2,2
PETRF457,20/06/2025,13,,E,45.01,OTM,"+45,66",7,,31/03/2025,2,"1,500",364,99,57,-16,-230,"3,407",,,,,,
PETRF463,20/06/2025,13,,A,45.76,OTM,"+48,09",1,,16/04/2025,1,100,364,69,41,-12,"-1,200","2,450",100,0,0,100,1,1
PETRF437,20/06/2025,13,,E,43.01,OTM,"+39,19",1,"-5,000",14/05/2025,2,"1,000",365,118,80,-24,"-2,391","3,223",200,0,7.6,300.5,10,5
PETRG456,18/07/2025,33,,E,45.05,OTM,"+45,79",2,,22/05/2025,1,200,366,130,73,-22,"-1,100","4,208",100,0,0,100,1,1
PETRF32,20/06/2025,13,,E,27.51,ITM,"-1,097",404,-797,29/05/2025,4,"9.274,00",366,"9,373",460,-266,-66,"9,021",38,34.2,184.6,260.1,13,34
PETRF438,20/06/2025,13,,A,43.26,OTM,"+40,00",1,0,12/05/2025,5,"27,900",369,116,77,-23,"-2,332","3,225",300,0,243.9,130.5,6,2
PETRG475,18/07/2025,33,,E,47.55,OTM,"+53,88",1,,21/05/2025,1,"1,000",369,67,40,-12,"-1,200","2,414",100,0,1,0,1,1
PETRF43,20/06/2025,13,,E,42.51,OTM,"+37,57",1,0,26/05/2025,1,"1,000",369,119,82,-25,"-2,463","3,167",220,0,510.2,256.5,22,10
PETRG464,18/07/2025,33,,A,45.8,OTM,"+48,22",1,0,28/05/2025,2,"2,700",371,72,45,-14,"-1,400","2,381",67,200,0,2.8,2,3
PETRF355W1,06/06/2025,4,,A,35.5,OTM,"+14,89",1,"-5,000",29/05/2025,3,"1,600",372,227,298,-85,"-8,509","2,614",100,500,0,20.6,5,5
PETRF439,20/06/2025,13,,E,39.51,OTM,"+27,86",1,0,30/05/2025,3,"1.030,00",372,141,116,-34,"-3,351","3,002",123,162.9,1.248.500,681.2,43,35
PETRF304,20/06/2025,13,,E,27.01,ITM,"-1,259",433,-484,30/05/2025,242,"157.470,00",373,"9,570",334,-238,-55,"6,683",24,5.9,247.9,38.1,7,29
PETRG460,18/07/2025,33,,A,45.3,OTM,"+46,60",1,"-6,667",27/05/2025,1,"1,000",374,103,60,-18,"-1,843","3,292",200,0,0,1.1,2,1
PETRF46,20/06/2025,13,,E,45.51,OTM,"+47,28",1,0,13/05/2025,3,"1,300",375,99,57,-17,"-1,677","3,305",167,0,1.5,1,5,3
PETRG49,18/07/2025,33,,E,49.05,OTM,"+58,74",1,,08/05/2025,4,"30,000",376,63,34,-10,"-1,000","2,433",100,0,30,0,1,1
PETRF44,20/06/2025,13,,E,43.51,OTM,"+40,81",1,0,27/05/2025,1,100,377,106,65,-19,"-1,867","3,233",250,0,4.4,269.8,5,2
PETRF365W1,06/06/2025,4,,A,36.5,OTM,"+18,12",1,"-5,000",27/05/2025,1,"7,300",378,189,207,-61,"-6,058","2,728",400,0,0,40.1,4,1
PETRF278,20/06/2025,13,,A,27.26,ITM,"-1,178",408,-467,30/05/2025,8,"25.765,00",378,"9,444",407,-258,-63,"8,212",100,0,74.1,40.6,12,12
PETRG446,18/07/2025,33,,E,44.05,OTM,"+42,56",2,"+100,00",30/05/2025,1,"8,200",378,106,65,-20,-980,"3,198",100,0,33,9.7,3,3
PETRF444,20/06/2025,13,,A,43.76,OTM,"+41,62",1,0,22/05/2025,1,"3,000",378,105,64,-19,"-1,860","3,212",733,4.024.100,3,300.6,22,3
PETRG461,18/07/2025,33,,E,45.55,OTM,"+47,41",1,"-6,667",27/05/2025,1,"1,000",379,101,59,-18,"-1,841","3,250",200,0,1.3,0,2,1
PETRG480,18/07/2025,33,,E,48.05,OTM,"+55,50",1,,21/05/2025,10,"1,000",379,67,38,-12,"-1,200","2,393",100,0,1,0,1,1
PETRG493,18/07/2025,33,,A,49.3,OTM,"+59,55",1,,08/05/2025,4,"40,000",381,62,34,-10,"-1,000","2,424",100,0,0,40,1,1
PETRF416,20/06/2025,13,,A,38.26,OTM,"+23,82",1,"-5,000",30/05/2025,9,"1.976,00",383,154,138,-42,"-4,167","2,846",168,50.1,348.2,1.287.900,32,19
PETRF271,20/06/2025,13,,E,26.51,ITM,"-1,421",480,-514,30/05/2025,1,"48,000",383,"9,700",242,-216,-45,"4,973",27,6.8,45.2,22.5,7,26
PETRG494,18/07/2025,33,,E,49.55,OTM,"+60,36",1,,08/05/2025,3,"30,000",384,61,33,-10,"-1,000","2,391",100,0,30,0,1,1
PETRG467,18/07/2025,33,,E,46.05,OTM,"+49,03",2,,22/05/2025,1,200,388,125,67,-22,"-1,100","4,057",100,0,0,100,1,1
PETRG485,18/07/2025,33,,E,48.55,OTM,"+57,12",1,,21/05/2025,1,100,388,65,37,-12,"-1,200","2,352",100,0,100,0,1,1
PETRG474,18/07/2025,33,,A,46.8,OTM,"+51,46",2,"+100,00",22/05/2025,1,200,389,96,53,-17,-866,"3,216",100,0,0,1.1,2,2
PETRG484,18/07/2025,33,,A,47.8,OTM,"+54,69",1,,22/05/2025,1,100,389,66,38,-12,"-1,200","2,315",100,0,0,100,1,1
PETRF38,20/06/2025,13,,E,38.01,OTM,"+23,01",2,0,30/05/2025,28,"3.942,00",390,197,168,-52,"-2,610","3,502",177,19.3,1.128.400,649.1,71,40
PETRF3,20/06/2025,13,,E,25.51,ITM,"-1,744",606,0,26/05/2025,3,"7.349,00",390,"9,884",106,-177,-29,"2,222",41,5.1,4,64.7,7,17
PETRF424,20/06/2025,13,,E,39.01,OTM,"+26,25",1,0,30/05/2025,1,100,390,147,125,-40,"-3,957","2,843",100,4.4,1.395.400,2.340.300,27,27
PETRF370W1,06/06/2025,4,,A,37,OTM,"+19,74",1,,27/05/2025,2,300,391,176,179,-56,"-5,573","2,690",50,0,200,100,1,2
PETRF447,20/06/2025,13,,E,44.01,OTM,"+42,43",1,0,29/05/2025,1,100,391,110,70,-23,"-2,340","3,068",138,100,21.4,204.6,11,8
PETRG469,18/07/2025,33,,A,46.3,OTM,"+49,84",2,,22/05/2025,1,200,393,123,65,-22,"-1,100","3,995",100,0,0,100,1,1
PETRF266,20/06/2025,13,,E,26.01,ITM,"-1,583",529,-503,30/05/2025,1,"13.225,00",394,"9,793",173,-198,-38,"3,646",13,15,129.8,49,3,24
PETRG477,18/07/2025,33,,E,47.05,OTM,"+52,27",2,,22/05/2025,1,200,394,94,51,-17,-862,"3,169",100,0,0,100,1,1
PETRF453,20/06/2025,13,,A,44.76,OTM,"+44,85",1,0,26/05/2025,2,"10,000",394,101,58,-18,"-1,833","3,129",250,0,117.1,1,10,4
PETRF244,20/06/2025,13,,A,23.76,ITM,"-2,311",788,-529,22/05/2025,2,"1.580,00",395,"9,987",15,-142,-18,322,86,10,21.6,9.7,6,7
PETRF39,20/06/2025,13,,E,38.51,OTM,"+24,63",1,0,30/05/2025,34,"3.157,00",395,151,132,-42,"-4,199","2,788",183,31.6,765.4,743.6,55,30
PETRF448,20/06/2025,13,,A,44.26,OTM,"+43,24",1,"-5,000",13/05/2025,4,"7,400",395,109,68,-23,"-2,347","3,052",133,0,2.3,6.7,4,3
PETRG22,18/07/2025,33,,E,22.05,ITM,"-2,864",998,-611,27/05/2025,1,"24.950,00",395,"10,000",0,-127,-13,1,100,0,2.5,3.2,2,2
PETRF273,20/06/2025,13,,A,26.76,ITM,"-1,340",457,-419,30/05/2025,2,"3.205,00",395,"9,576",313,-241,-53,"6,608",46,0,26.3,44,6,13
PETRF436,20/06/2025,13,,A,40.26,OTM,"+30,29",1,0,27/05/2025,2,"6,000",396,131,100,-32,"-3,229","2,881",258,0,128.8,3.590.600,31,12
PETRF1,20/06/2025,13,,E,40.51,OTM,"+31,10",1,0,27/05/2025,1,"3,000",398,131,99,-32,"-3,247","2,884",282,10,427.1,399,48,17
PETRF285W1,06/06/2025,4,,A,28.5,ITM,-777,265,-603,30/05/2025,2,"1.860,00",398,"9,448",641,-350,-132,"4,873",75,0,3,0,3,4
PETRF431,20/06/2025,13,,A,39.76,OTM,"+28,67",1,0,29/05/2025,1,100,399,7,10,-1,-149,190,178,11.9,457.1,164.4,32,18
PETRF427,20/06/2025,13,,E,42.01,OTM,"+35,95",1,0,22/05/2025,1,"3,000",399,37,36,-7,-750,"1,102",140,0,199.2,79.8,7,5
PETRG51,18/07/2025,33,,E,46.55,OTM,"+50,65",1,0,28/05/2025,2,"32,000",399,96,54,-18,"-1,848","3,115",422,1,311.3,96.8,38,9
PETRF426,20/06/2025,13,,A,39.26,OTM,"+27,06",1,0,30/05/2025,1,100,400,144,120,-40,"-3,975","2,790",229,28,177.7,1.184.600,39,17
PETRF375W2,13/06/2025,9,,A,37.5,OTM,"+21,36",1,0,30/05/2025,2,"2,000",401,120,126,-41,"-4,100","1,935",300,0,0,20.1,3,1
PETRF45,20/06/2025,13,,E,44.51,OTM,"+44,05",2,"+100,00",20/05/2025,1,200,401,108,67,-24,"-1,179","3,022",186,0,51.4,116.5,13,7
PETRG490,18/07/2025,33,,A,48.3,OTM,"+56,31",1,,21/05/2025,12,"18,100",401,91,48,-17,"-1,701","3,148",100,0,0,9,1,1
PETRG268,18/07/2025,33,,A,22.3,ITM,"-2,783",930,-462,30/05/2025,3,"78.020,00",403,"10,000",0,-128,-14,2,60,0,14.9,5.7,3,5
PETRG495,18/07/2025,33,,A,48.8,OTM,"+57,93",1,0,26/05/2025,2,"1,000",404,90,47,-17,"-1,701","3,131",83,0,35.5,120.6,5,6
PETRF458,20/06/2025,13,,A,45.26,OTM,"+46,47",1,0,28/04/2025,1,300,405,98,55,-18,"-1,839","3,065",100,0,75,200,2,2
PETRF268,20/06/2025,13,,A,26.26,ITM,"-1,502",503,-838,30/05/2025,10,"37.670,00",405,"9,700",230,-219,-44,"4,978",35,1.1,33.3,33.2,8,23
PETRF421,20/06/2025,13,,A,38.76,OTM,"+25,44",1,0,30/05/2025,84,"2.036,00",409,147,124,-42,"-4,223","2,716",182,317.8,1.050.100,1.110.900,40,22
PETRF25,20/06/2025,13,,E,24.51,ITM,"-2,068",675,-316,30/05/2025,2,"1.350,00",410,"9,950",48,-157,-23,"1,063",33,1.8,36.5,51.6,5,15
PETRF497,20/06/2025,13,,E,49.01,OTM,"+58,61",1,,17/04/2025,1,100,411,62,34,-12,"-1,200","2,214",100,0,100,0,1,1
PETRF280W1,06/06/2025,4,,A,28,ITM,-939,319,-506,30/05/2025,1,"31,900",413,"9,679",399,-287,-90,"3,147",100,0,43.6,1.8,5,5
PETRF263,20/06/2025,13,,A,25.76,ITM,"-1,663",578,-478,29/05/2025,2,"12.716,00",416,"9,788",167,-201,-35,"3,719",54,6.7,8.6,14.3,7,13
PETRG530,18/07/2025,33,,E,53.05,OTM,"+71,68",1,,12/05/2025,1,100,422,57,28,-11,"-1,100","2,239",100,0,100,0,1,1
PETRG500,18/07/2025,33,,E,50.05,OTM,"+61,97",1,"-5,000",20/05/2025,1,"1.000,00",428,110,51,-21,"-2,130","3,796",100,0,100,100,2,2
PETRF259,20/06/2025,13,,A,25.26,ITM,"-1,825",626,"+0,81",26/05/2025,1,"23.162,00",434,"9,840",126,-189,-30,"2,933",41,8.5,20.2,46.2,7,17
PETRF275W1,06/06/2025,4,,A,27.5,ITM,"-1,100",367,-317,30/05/2025,1,"36,700",437,"9,796",258,-251,-68,"2,151",50,0,1.9,1,2,4
PETRF492,20/06/2025,13,,E,48.51,OTM,"+56,99",2,,17/04/2025,1,200,437,111,53,-21,"-1,050","3,699",100,0,100,0,1,1
PETRF434,20/06/2025,13,,E,40.01,OTM,"+29,48",1,0,30/05/2025,1,"1,000",438,9,13,-2,-200,258,111,163.2,809.5,145.6,20,18
PETRG20,18/07/2025,33,,E,20.55,ITM,"-3,350","1,094",-144,30/05/2025,31,"820.530,00",445,"10,000",0,-118,-11,0,43,0,45.7,96.3,3,7
PETRF507,20/06/2025,13,,A,50.01,OTM,"+61,84",1,0,25/04/2025,8,"22,500",467,59,30,-13,"-1,300","1,992",50,1,500,11.5,2,4
PETRF237,20/06/2025,13,,E,23.01,ITM,"-2,553",825,-294,30/05/2025,1,"82,500",468,"10,000",0,-134,-16,0,31,100,84.6,43.5,4,13
PETRF249,20/06/2025,13,,A,24.26,ITM,"-2,149",701,-223,30/05/2025,2,"35.050,00",476,"10,000",0,-141,-20,0,50,2.5,40,95.3,5,10
PETRG155,18/07/2025,33,,A,14.8,ITM,"-5,210","1,608",,28/04/2025,2,"3.208,00",480,"9,997",2,-82,-5,172,,,,,,
PETRF23,20/06/2025,13,,A,22.76,ITM,"-2,634",880,-538,23/05/2025,71,"124.214,00",490,"10,000",0,-132,-15,0,140,0,40,23.3,7,5
PETRF265W1,06/06/2025,4,,A,26.5,ITM,"-1,424",467,-351,30/05/2025,4,"18.680,00",498,"9,901",122,-210,-45,"1,158",50,0,900,700,1,2
PETRG600,18/07/2025,33,,E,56.55,OTM,"+83,01",1,0,12/05/2025,50,"91,000",526,69,27,-13,"-1,259","2,639","2,067",0,1.231.400,100.4,62,3
PETRF48,20/06/2025,13,,E,47.51,OTM,"+53,75",4,,19/05/2025,1,"4,000",592,202,85,-64,"-1,600","4,712",100,0,1,0,1,1
PETRG200,18/07/2025,33,,E,16.55,ITM,"-4,644","1,485",-126,30/05/2025,1,"1.485,00",630,"10,000",0,-95,-6,0,31,4.6,17.1,16.5,4,13
PETRF632,20/06/2025,13,,E,62.51,OTM,"+102,30",1,,12/05/2025,4,"31.426,00",720,44,17,-19,"-1,900","1,380",200,0,0,3.142.600,2,1
PETRF184,20/06/2025,13,,A,17.76,ITM,"-4,252","1,343",-641,30/05/2025,1,"6.715,00",888,"10,000",0,-102,-8,0,75,0,38.1,35.8,3,4
PETRF172,20/06/2025,13,,E,16.51,ITM,"-4,657","1,487",-152,29/05/2025,9,"493.356,00",976,"9,941",19,-131,-9,"1,488",23,3.8,24.8,128.7,3,13
PETRF202,20/06/2025,13,,A,18.26,ITM,"-4,091","1,297",-167,30/05/2025,3,"9.082,00","1,170","9,718",66,-275,-21,"5,398",89,700,283.1,12.5,8,9
PETRF143,20/06/2025,13,,A,13.76,ITM,"-5,547","1,777",-182,22/05/2025,1,"1.777,00","1,240","10,000",0,-80,-4,0,100,0,0,55.1,3,3
PETRF760,20/06/2025,13,,A,76.01,OTM,"+145,99",1,,29/05/2025,1,"21,500","1,273",37,11,-36,"-3,600",837,100,0,0,21.5,1,1
PETRF142,20/06/2025,13,,E,13.51,ITM,"-5,628","1,850",0,15/05/2025,2,"35.150,00","1,478","9,820",30,-205,-11,"4,427",100,1,0,20.3,3,3
PETRF119,20/06/2025,13,,A,11.26,ITM,"-6,356","1,995",-427,23/05/2025,1,"1.995,00","1,500","9,965",8,-100,-5,896,67,0,500,5.5,2,3
PETRG160,18/07/2025,33,,E,12.55,ITM,"-5,939","1,947",-337,27/05/2025,1,"33.099,00","1,594","9,674",38,-253,-13,"8,776",75,0,225.3,6.9,3,4
PETRF864,20/06/2025,13,,E,7.91,ITM,"-7,440","2,309",-403,23/05/2025,1,"11.545,00","1,660","9,994",1,-53,-2,176,100,0,500,2,2,2
PETRF185,20/06/2025,13,,E,15.01,ITM,"-5,142","1,726",-40,21/05/2025,1,"34.520,00","1,711","9,635",51,-378,-22,"7,345",20,300,12,11.9,2,10
PETRF155,20/06/2025,13,,E,11.01,ITM,"-6,437","2,020",-49,30/05/2025,1,"2.020,00","2,055","9,906",16,-194,-10,"1,930",36,23.5,300,16.9,4,11
PETRF149,20/06/2025,13,,E,9.51,ITM,"-6,922","2,203","+0,36",27/05/2025,1,"17.624,00","2,085","9,938",10,-142,-6,"1,437",38,0,95.1,21.7,3,8
PETRF631,20/06/2025,13,,E,6.31,ITM,"-7,958","2,506","+3,64",22/05/2025,1,"47.614,00","2,278","9,977",4,-72,-3,634,100,0,1.9,0,1,1
PETRF422,20/06/2025,13,,E,0.71,ITM,"-9,770","3,043",-10,30/05/2025,2,"203.881,00","6,620","10,000",0,-4,0,0,71,4.7,19.2,6.7,5,7
PETRF260W1,06/06/2025,4,,A,26,ITM,"-1,586",513,-968,30/05/2025,4,"20.037,00",,"10,000",0,-152,-30,0,33,0,11.1,4.3,1,3
PETRF385W1,06/06/2025,4,,A,38.5,OTM,"+24,60",2,,22/05/2025,1,200,,,,,,,100,0,0,100,1,1
PETRF35,20/06/2025,13,,A,2.86,ITM,"-9,074","2,869",-148,22/05/2025,1,"2.869,00",,,,,,,100,0,2.4,7.9,2,2
PETRF541,20/06/2025,13,,E,5.41,ITM,"-8,249","2,675",-52,20/05/2025,40,"107.043,00",,,,,,,200,0,100,4,4,2
PETRF571,20/06/2025,13,,A,5.71,ITM,"-8,152","2,521",,29/05/2025,36,"833.809,00",,"10,000",0,-33,-1,0,150,0,0,10.1,3,2
PETRF591,20/06/2025,13,,A,5.91,ITM,"-8,087","2,595",,14/05/2025,1,"176.460,00",,,,,,,100,0,0,6.8,1,1
PETRF674,20/06/2025,13,,A,6.01,ITM,"-8,055","2,457",,16/04/2025,1,"24.570,00",,,,,,,100,1,0,0,1,1
PETRF764,20/06/2025,13,,E,6.91,ITM,"-7,764","2,498","+6,12",14/05/2025,1,"17.486,00",,,,,,,100,0,0,5.2,2,2
PETRF834,20/06/2025,13,,A,7.61,ITM,"-7,537","2,418",,16/05/2025,1,"79.794,00",,,,,,,100,0,0,3.3,1,1
PETRF844,20/06/2025,13,,E,7.71,ITM,"-7,505","2,421","+9,15",12/05/2025,1,"401.886,00",,,,,,,40,200,0,20.1,2,5
PETRF854,20/06/2025,13,,A,7.81,ITM,"-7,472","2,360",,14/04/2025,1,"118.000,00",,,,,,,100,0,0,5,1,1
PETRF874,20/06/2025,13,,A,8.01,ITM,"-7,408","2,327",,14/04/2025,1,"55.848,00",,,,,,,100,0,0,2.4,1,1
PETRF884,20/06/2025,13,,E,8.11,ITM,"-7,375","2,416","+1,73",20/05/2025,1,"4.832,00",,,,,,,100,0,7.5,0,2,2
PETRF904,20/06/2025,13,,E,8.31,ITM,"-7,311","2,220",-259,16/04/2025,3,"188.800,00",,,,,,,25,0,1.5,8.4,1,4
PETRF144,20/06/2025,13,,E,9.01,ITM,"-7,084","2,302","+0,09",16/05/2025,1,"39.134,00",,,,,,,67,0,95,71.5,4,6
PETRF994,20/06/2025,13,,E,9.21,ITM,"-7,019","2,283","+4,25",15/05/2025,1,"27.396,00",,,,,,,100,0,10.2,3.5,3,3
PETRF931,20/06/2025,13,,A,9.31,ITM,"-6,987","2,170","+4,23",08/05/2025,1,"6.510,00",,,,,,,100,300,0,0,1,1
PETRF971,20/06/2025,13,,E,9.71,ITM,"-6,858","2,116",,08/05/2025,1,"116.380,00",,,,,,,100,0,0,5.5,1,1
PETRF104,20/06/2025,13,,A,9.76,ITM,"-6,841","2,234",,14/05/2025,1,"37.978,00",,,,,,,100,0,0,1.7,1,1
PETRF22,20/06/2025,13,,E,10.01,ITM,"-6,761","2,113",-112,30/05/2025,1,"2.113,00",,"10,000",0,-58,-3,0,78,300,0,10.9,7,9
PETRF109,20/06/2025,13,,A,10.26,ITM,"-6,680","2,001",,07/05/2025,1,"14.007,00",,,,,,,100,0,0,700,1,1
PETRF112,20/06/2025,13,,E,10.51,ITM,"-6,599","2,148",-9,12/05/2025,1,"700.248,00",,,,,,,67,0,0,33.5,2,3
PETRF114,20/06/2025,13,,A,10.76,ITM,"-6,518","2,134","+10,00",14/05/2025,1,"49.082,00",,,,,,,50,0,0,5.4,1,2
PETRF122,20/06/2025,13,,E,11.51,ITM,"-6,275","1,964",-354,30/05/2025,1,"1.964,00",,,,,,,43,1.3,0,37.6,3,7
PETRF124,20/06/2025,13,,A,11.76,ITM,"-6,194","2,016",-122,16/05/2025,6,"248.094,00",,,,,,,100,0,0,14.7,2,2
PETRF127,20/06/2025,13,,E,12.01,ITM,"-6,113","2,000","+1,52",15/05/2025,2,"23.867,00",,,,,,,27,200,8.3,15.9,3,11
PETRF129,20/06/2025,13,,A,12.26,ITM,"-6,032","1,986","+0,30",21/05/2025,1,"1.986,00",,,,,,,100,0,0,597,2,2
PETRF132,20/06/2025,13,,E,12.51,ITM,"-5,951","1,952",-15,15/05/2025,8,"1.087.881,00",,,,,,,38,12.2,17.9,46.7,3,8
PETRF134,20/06/2025,13,,A,12.76,ITM,"-5,871","1,796",,11/04/2025,1,"10.776,00",,,,,,,100,0,0,600,1,1
PETRF137,20/06/2025,13,,E,13.01,ITM,"-5,790","1,811",-258,30/05/2025,1,"12.677,00",,"10,000",0,-75,-4,0,43,200,12.6,41.8,3,7
PETRF139,20/06/2025,13,,A,13.26,ITM,"-5,709","1,818",-361,26/05/2025,1,"3.636,00",,,,,,,100,0,0,6.3,2,2
PETRF146,20/06/2025,13,,E,14.01,ITM,"-5,466","1,804","+10,74",16/05/2025,1,"3.608,00",,,,,,,100,0,0,21.6,3,3
PETRF148,20/06/2025,13,,A,14.26,ITM,"-5,385","1,815","+1,40",20/05/2025,1,"5.445,00",,,,,,,200,0,1.2,0,2,1
PETRF152,20/06/2025,13,,E,14.51,ITM,"-5,304","1,760","+0,57",20/05/2025,2,"14.122,00",,,,,,,38,100,100,242.2,3,8
PETRF15,20/06/2025,13,,A,14.76,ITM,"-5,223","1,722",-98,15/05/2025,2,"113.512,00",,,,,,,33,0,1,7.5,1,3
PETRF159,20/06/2025,13,,A,15.26,ITM,"-5,061","1,605",,10/04/2025,2,"40.138,00",,,,,,,100,2.4,0,100,1,1
PETRF162,20/06/2025,13,,E,15.51,ITM,"-4,981","1,650","+5,90",12/05/2025,2,"82.500,00",,,,,,,100,0,0,5.8,2,2
PETRF164,20/06/2025,13,,A,15.76,ITM,"-4,900","1,537","+6,07",09/05/2025,1,"6.148,00",,,,,,,75,0,0,18.3,3,4
PETRF167,20/06/2025,13,,E,16.01,ITM,"-4,819","1,570",-194,22/05/2025,1,"1.570,00",,,,,,,80,100,0,28.8,4,5
PETRF169,20/06/2025,13,,A,16.26,ITM,"-4,738","1,567",-51,16/05/2025,1,"9.402,00",,"10,000",0,-94,-6,0,50,0,16,2.6,3,6
PETRF17,20/06/2025,13,,A,16.76,ITM,"-4,576","1,443",-538,30/05/2025,1,"21.645,00",,"10,000",0,-93,-6,0,133,0,9.2,0,4,3
PETRF176,20/06/2025,13,,E,17.01,ITM,"-4,495","1,419",-77,30/05/2025,1,"28.380,00",,"10,000",0,-94,-7,0,33,2.1,28.6,33.1,4,12
PETRF178,20/06/2025,13,,A,17.26,ITM,"-4,414","1,391",-466,30/05/2025,1,"27.820,00",,"10,000",0,-96,-7,0,75,0,800,2.9,3,4
PETRF18,20/06/2025,13,,E,17.51,ITM,"-4,333","1,370",-172,30/05/2025,1,"6.850,00",,"10,000",0,-101,-7,0,29,1.8,11.8,31.3,2,7
PETRF187,20/06/2025,13,,E,18.01,ITM,"-4,172","1,319",-230,30/05/2025,1,"39.570,00",,"10,000",0,-104,-8,0,70,1.3,2,52.1,7,10
PETRF192,20/06/2025,13,,E,18.51,ITM,"-4,010","1,271",-723,30/05/2025,1,"12.710,00",,"10,000",0,-107,-8,0,80,0,9.3,18.2,4,5
PETRF194,20/06/2025,13,,A,18.76,ITM,"-3,929","1,245",-681,30/05/2025,1,"6.225,00",,"10,000",0,-108,-9,0,71,4.6,29.1,117.7,5,7
PETRF209,20/06/2025,13,,E,19.01,ITM,"-3,848","1,290",-153,15/05/2025,2,"2.580,00",,"10,000",0,-109,-8,0,42,900,5.8,106.9,5,12
PETRF199,20/06/2025,13,,A,19.26,ITM,"-3,767","1,194",-650,30/05/2025,1,"5.970,00",,"10,000",0,-111,-9,0,75,0,17,81.2,6,8
PETRF20,20/06/2025,13,,E,19.51,ITM,"-3,686","1,275","+1,19",20/05/2025,2,"7.700,00",,"10,000",0,-113,-9,0,73,1.9,4.9,57.5,8,11
PETRF204,20/06/2025,13,,A,19.76,ITM,"-3,605","1,170",-488,26/05/2025,16,"468.000,00",,"10,000",0,-115,-10,0,40,400,68,7.2,4,10
PETRF207,20/06/2025,13,,E,20.01,ITM,"-3,524","1,120",-235,30/05/2025,2,"91.840,00",,"10,000",0,-116,-10,0,42,1.9,500,71.8,5,12
PETRF222,20/06/2025,13,,A,20.26,ITM,"-3,443","1,183","+3,32",15/05/2025,1,"2.366,00",,"10,000",0,-118,-10,0,140,10,0,12.5,7,5
PETRF212,20/06/2025,13,,E,20.51,ITM,"-3,362","1,075",-254,30/05/2025,4,"376.760,00",,"10,000",0,-119,-11,0,21,4.3,24.8,41.9,3,14
PETRF252,20/06/2025,13,,A,20.76,ITM,"-3,282","1,141","+0,71",16/05/2025,1,"2.282,00",,"10,000",0,-121,-11,0,71,100,900,42,5,7
PETRF217,20/06/2025,13,,E,21.01,ITM,"-3,201","1,023",-182,30/05/2025,1,"5.115,00",,"10,000",0,-122,-12,0,31,3.8,51.6,16.4,4,13
PETRF219,20/06/2025,13,,A,21.26,ITM,"-3,120",997,"-1,018",30/05/2025,1,"5.982,00",,"10,000",0,-123,-12,0,100,1.5,31,8.8,5,5
PETRF234,20/06/2025,13,,E,21.51,ITM,"-3,039",970,-490,30/05/2025,3,"25.225,00",,"10,000",0,-125,-13,0,19,36.5,33.1,301,6,31
PETRF224,20/06/2025,13,,A,21.76,ITM,"-2,958",972,-122,23/05/2025,1,"97,200",,"10,000",0,-126,-13,0,50,2.8,97.8,55.6,4,8
PETRF227,20/06/2025,13,,E,22.01,ITM,"-2,877",922,-191,30/05/2025,1,"92,200",,"10,000",0,-128,-14,0,46,8,42.1,133.9,6,13
PETRF229,20/06/2025,13,,A,22.26,ITM,"-2,796",897,-175,30/05/2025,2,"9.042,00",,"10,000",0,-129,-14,0,25,4,13.4,20.7,3,12
PETRF232,20/06/2025,13,,E,22.51,ITM,"-2,715",875,-458,30/05/2025,1,"96.250,00",,"10,000",0,-131,-15,0,40,1.5,112.7,22.4,6,15
PETRF239,20/06/2025,13,,A,23.26,ITM,"-2,472",844,"+3,69",26/05/2025,1,"141.792,00",,"10,000",0,-135,-16,0,40,2.1,47.4,38.5,4,10
PETRF247,20/06/2025,13,,E,24.01,ITM,"-2,230",729,-188,30/05/2025,5,"99.394,00",,"10,000",0,-139,-19,0,19,1.7,2.9,198.4,5,27
PETRF254,20/06/2025,13,,A,24.76,ITM,"-1,987",655,-296,30/05/2025,1,"6.550,00",,"10,000",0,-144,-22,1,31,6.7,14.5,47.5,4,13
PETRF225W4,27/06/2025,18,,A,22.5,ITM,"-2,718",984,"+5,81",19/05/2025,3,"6.882,00",,,,,,,100,0,0,500,1,1
PETRG158,18/07/2025,33,,E,0.85,ITM,"-9,725","3,020",-131,30/05/2025,1,"3.020,00",,,,,,,33,0,0,2,1,3
PETRG407,18/07/2025,33,,E,3.35,ITM,"-8,916","2,815","+2,92",22/05/2025,1,"2.815,00",,,,,,,60,5.5,0,38.7,3,5
PETRG65,18/07/2025,33,,A,6.55,ITM,"-7,880","2,481",,22/05/2025,1,"47.139,00",,,,,,,100,0,0,1.9,1,1
PETRG778,18/07/2025,33,,E,7.05,ITM,"-7,718","2,360","+0,21",16/04/2025,6,"73.131,00",,,,,,,25,9.9,200,8.3,2,8
PETRG818,18/07/2025,33,,E,7.45,ITM,"-7,589","2,350",-63,17/04/2025,2,"705.000,00",,"10,000",0,-41,-2,0,40,121.8,5.1,30.9,2,5
PETRG945,18/07/2025,33,,E,9.45,ITM,"-6,942","2,263",,12/05/2025,1,"11.315,00",,,,,,,100,500,0,0,1,1
PETRG955,18/07/2025,33,,A,9.55,ITM,"-6,909","2,163",,09/05/2025,1,"298.494,00",,,,,,,100,0,0,13.8,1,1
PETRG965,18/07/2025,33,,E,9.65,ITM,"-6,877","2,203",,27/05/2025,2,"32.989,00",,,,,,,100,1.5,0,0,1,1
PETRG100,18/07/2025,33,,E,10.05,ITM,"-6,748","2,031",,06/05/2025,3,"28.476,00",,,,,,,100,0,0,1.4,1,1
PETRG127,18/07/2025,33,,E,12.05,ITM,"-6,100","2,010","+10,38",15/05/2025,1,"2.010,00",,,,,,,33,100,0,800,1,3
PETRG130,18/07/2025,33,,A,12.3,ITM,"-6,019","1,809","+2,20",06/05/2025,7,"10.838.500,00",,,,,,,100,0,0,925,1,1
PETRG142,18/07/2025,33,,E,13.55,ITM,"-5,615","1,679",,07/05/2025,1,"1.679,00",,,,,,,100,0,0,100,1,1
PETRG147,18/07/2025,33,,E,14.05,ITM,"-5,453","1,820",,14/05/2025,2,"34.580,00",,,,,,,100,1.9,0,0,1,1
PETRG152,18/07/2025,33,,E,14.55,ITM,"-5,291","1,669","+5,50",08/05/2025,2,"44.683,00",,,,,,,25,0,0,43.4,1,4
PETRG157,18/07/2025,33,,E,15.05,ITM,"-5,129","1,730",,21/05/2025,1,"1.730,00",,,,,,,100,0,0,100,1,1
PETRG167,18/07/2025,33,,E,16.05,ITM,"-4,806","1,620","+7,28",15/05/2025,2,"3.230,00",,,,,,,33,100,0,500,1,3
PETRG170,18/07/2025,33,,A,16.3,ITM,"-4,725","1,446",-34,29/04/2025,4,"5.783,00",,,,,,,200,0,0,18.9,2,1
PETRG175,18/07/2025,33,,A,16.8,ITM,"-4,563","1,456",,30/05/2025,1,"21.840,00",,,,,,,100,0,0,1.5,1,1
PETRG177,18/07/2025,33,,E,17.05,ITM,"-4,482","1,429",-90,30/05/2025,1,"28.580,00",,,,,,,100,1,0,60.2,4,4
PETRG180,18/07/2025,33,,A,17.3,ITM,"-4,401","1,405",,30/05/2025,1,"28.100,00",,,,,,,100,0,0,2,1,1
PETRG182,18/07/2025,33,,E,17.55,ITM,"-4,320","1,380",-644,30/05/2025,1,"6.900,00",,,,,,,100,0,0,1.1,2,2
PETRG185,18/07/2025,33,,A,17.8,ITM,"-4,239","1,355",-832,30/05/2025,1,"6.775,00",,,,,,,50,0,0,17,2,4
PETRG187,18/07/2025,33,,E,18.05,ITM,"-4,159","1,332",,30/05/2025,1,"39.960,00",,,,,,,100,0,0,3,1,1
PETRG190,18/07/2025,33,,A,18.3,ITM,"-4,078","1,309",-224,30/05/2025,1,"6.545,00",,,,,,,100,0,0,1.5,2,2
PETRG230,18/07/2025,33,,E,18.55,ITM,"-3,997","1,285","+7,98",30/05/2025,1,"12.850,00",,,,,,,150,0,0,51.3,3,2
PETRG195,18/07/2025,33,,A,18.8,ITM,"-3,916","1,257",,30/05/2025,1,"6.285,00",,,,,,,100,0,0,500,1,1
PETRG197,18/07/2025,33,,E,19.05,ITM,"-3,835","1,310",-150,15/05/2025,1,"209.600,00",,"10,000",0,-109,-8,0,100,100,0,16,2,2
PETRG300,18/07/2025,33,,A,19.3,ITM,"-3,754","1,220",-506,30/05/2025,3,"24.346,00",,"10,000",0,-111,-9,0,110,100,1.1,4.5,11,10
PETRG202,18/07/2025,33,,E,19.55,ITM,"-3,673","1,182",-858,30/05/2025,52,"664.134,00",,"10,000",0,-112,-9,0,100,0,14.2,46.7,3,3
PETRG205,18/07/2025,33,,A,19.8,ITM,"-3,592","1,243",,15/05/2025,1,"12.430,00",,"10,000",0,-114,-9,0,100,0,0,1,1,1
PETRG207,18/07/2025,33,,E,20.05,ITM,"-3,511","1,137",-619,30/05/2025,39,"543.701,00",,"10,000",0,-115,-10,0,80,0,4.3,43.5,4,5
PETRG210,18/07/2025,33,,A,20.3,ITM,"-3,430","1,149",,26/05/2025,15,"17.236,00",,"10,000",0,-116,-10,0,200,0,0,1.5,2,1
PETRG227,18/07/2025,33,,A,20.8,ITM,"-3,269","1,070",-506,30/05/2025,14,"375.100,00",,"10,000",0,-119,-11,0,167,5,5,35,5,3
PETRG217,18/07/2025,33,,E,21.05,ITM,"-3,188","1,042",,30/05/2025,4,"80.462,00",,"10,000",0,-121,-12,0,67,0,6.9,600,2,3
PETRG222,18/07/2025,33,,E,21.55,ITM,"-3,026",985,-371,30/05/2025,9,"149.542,00",,"10,000",0,-124,-13,0,33,100,14,6.8,2,6
PETRG225,18/07/2025,33,,A,21.8,ITM,"-2,945",990,-159,23/05/2025,1,"99,000",,"10,000",0,-125,-13,1,100,400,10,0,2,2